Workbook
Name Slicer_OrderType: #N/A
Name Slicer_Ticker: #N/A
Name Slicer_Years: #N/A

Sheet RawData
A1: Ticker | B1: Date | C1: Time | D1: OrderType | E1: Entry | F1: StopLoss | G1: Exit | H1: Exit_Time | I1: Net SL | J1: Net Points | K1: Qty | L1: Gain | M1: Expense | N1: Net Gains | O1: Positive? | P1: SL% | Q1: 200000
A2: BAJAJ-AUTO | B2: 42737 | C2: 0.41666667 | D2: Short | E2: 2577.1 | F2: 2599 | G2: 2599 | H2: 0.58333333 | I2: 21.9 | J2: -21.9 | K2: 91 | L2: -1992.9 | M2: 109 | N2: -2101.9 | O2: No | P2: 0.008497924 | Q2: =AllFiles[[#Headers],[200000]]+AllFiles[[#This Row],[Net Gains]] -> 197898.1
A3: BAJAJ-AUTO | B3: 42737 | C3: 0.58333333 | D3: SL_Long | E3: 2599 | F3: 2577.1 | G3: 2597.3 | H3: 0.625 | I3: 21.9 | J3: -1.7 | K3: 91 | L3: -154.7 | M3: 109 | N3: -263.7 | O3: No | P3: 0.0084263178 | Q3: =AllFiles[[#Headers],[200000]]+AllFiles[[#This Row],[Net Gains]] -> 199736.3
A4: HINDUNILVR | B4: 42737 | C4: 0.41666667 | D4: Short | E4: 821.45 | F4: 824.9 | G4: 824.9 | H4: 0.48958333 | I4: 3.45 | J4: -3.45 | K4: 575 | L4: -1983.75 | M4: 218 | N4: -2201.75 | O4: No | P4: 0.0041998904 | Q4: =AllFiles[[#Headers],[200000]]+AllFiles[[#This Row],[Net Gains]] -> 197798.25
A5: HINDUNILVR | B5: 42737 | C5: 0.48958333 | D5: SL_Long | E5: 824.9 | F5: 821.45 | G5: 824.65 | H5: 0.625 | I5: 3.45 | J5: -0.25 | K5: 575 | L5: -143.75 | M5: 219 | N5: -362.75 | O5: No | P5: 0.0041823251 | Q5: =AllFiles[[#Headers],[200000]]+AllFiles[[#This Row],[Net Gains]] -> 199637.25
A6: INDUSINDBK | B6: 42737 | C6: 0.44791667 | D6: Short | E6: 1095.75 | F6: 1103.4 | G6: 1088 | H6: 0.625 | I6: 7.65 | J6: 7.75 | K6: 260 | L6: 2015 | M6: 131 | N6: 1884 | O6: Yes | P6: 0.0069815195 | Q6: =AllFiles[[#Headers],[200000]]+AllFiles[[#This Row],[Net Gains]] -> 201884
A7: AXISBANK | B7: 42738 | C7: 0.41666667 | D7: Long | E7: 450.4 | F7: 445.45 | G7: 455.05 | H7: 0.625 | I7: 4.95 | J7: 4.65 | K7: 402 | L7: 1869.3 | M7: 84 | N7: 1785.3 | O7: Yes | P7: 0.010990231 | Q7: =AllFiles[[#Headers],[200000]]+AllFiles[[#This Row],[Net Gains]] -> 201785.3
A8: ICICIBANK | B8: 42738 | C8: 0.55208333 | D8: Long | E8: 253.75 | F8: 251.75 | G8: 251.75 | H8: 0.55208333 | I8: 2 | J8: -2 | K8: 988 | L8: -1976 | M8: 115 | N8: -2091 | O8: No | P8: 0.0078817734 | Q8: =AllFiles[[#Headers],[200000]]+AllFiles[[#This Row],[Net Gains]] -> 197909
A9: ICICIBANK | B9: 42738 | C9: 0.55208333 | D9: SL_Short | E9: 251.75 | F9: 253.75 | G9: 253.75 | H9: 0.58333333 | I9: 2 | J9: -2 | K9: 988 | L9: -1976 | M9: 115 | N9: -2091 | O9: No | P9: 0.0079443893 | Q9: =AllFiles[[#Headers],[200000]]+AllFiles[[#This Row],[Net Gains]] -> 197909
A10: INDUSINDBK | B10: 42738 | C10: 0.41666667 | D10: Long | E10: 1095.5 | F10: 1083.2 | G10: 1102.15 | H10: 0.625 | I10: 12.3 | J10: 6.65 | K10: 162 | L10: 1077.3 | M10: 82 | N10: 995.3 | O10: Yes | P10: 0.01122775 | Q10: =AllFiles[[#Headers],[200000]]+AllFiles[[#This Row],[Net Gains]] -> 200995.3
A11: INFY | B11: 42738 | C11: 0.41666667 | D11: Short | E11: 982.2 | F11: 987.7 | G11: 987.7 | H11: 0.48958333 | I11: 5.5 | J11: -5.5 | K11: 362 | L11: -1991 | M11: 165 | N11: -2156 | O11: No | P11: 0.0055996742 | Q11: =AllFiles[[#Headers],[200000]]+AllFiles[[#This Row],[Net Gains]] -> 197844
A12: INFY | B12: 42738 | C12: 0.48958333 | D12: SL_Long | E12: 987.7 | F12: 982.2 | G12: 990.3 | H12: 0.625 | I12: 5.5 | J12: 2.6 | K12: 362 | L12: 941.2 | M12: 165 | N12: 776.2 | O12: Yes | P12: 0.0055684925 | Q12: =AllFiles[[#Headers],[200000]]+AllFiles[[#This Row],[Net Gains]] -> 200776.2
A13: TATAMOTORS | B13: 42738 | C13: 0.41666667 | D13: Short | E13: 487.55 | F13: 491.5 | G13: 480 | H13: 0.625 | I13: 3.95 | J13: 7.55 | K13: 503 | L13: 3797.65 | M13: 112 | N13: 3685.65 | O13: Yes | P13: 0.0081017332 | Q13: =AllFiles[[#Headers],[200000]]+AllFiles[[#This Row],[Net Gains]] -> 203685.65
... A5109: HCLTECH | B5109: 44043 | C5109: 0.44791667 | D5109: Long | E5109: 715.9 | F5109: 708.2 | G5109: 708.2 | H5109: 0.44791667 | I5109: 7.7 | J5109: -7.7 | K5109: 258 | L5109: -1986.6 | M5109: 85 | N5109: -2071.6 | O5109: No | P5109: 0.010755692 | Q5109: =AllFiles[[#Headers],[200000]]+AllFiles[[#This Row],[Net Gains]] -> 197928.4

Sheet Pivots
A1: OrderType | B1: (Multiple Items) | R1: EICHERMOT | S1: Yes
J2: OrderType | K2: (Multiple Items) | R2: TATAMOTORS | S2: Yes
A3: Row Labels | B3: Sum of Net Gains | R3: HDFC | S3: Yes
A4: 2017 | B4: -24263.513 | J4: Sum of Net Gains | K4: Column Labels | R4: BPCL | S4: Yes
A5: 2018 | B5: 217165.1 | J5: Row Labels | K5: 2017 | L5: 2018 | M5: 2019 | N5: 2020 | O5: Grand Total | R5: RELIANCE | S5: Yes
A6: 2019 | B6: 163864.6 | J6: EICHERMOT | K6: 24016.8 | L6: 46097.6 | M6: 80831.7 | N6: 28344.55 | O6: 179290.65 | R6: ADANIPORTS | S6: Yes
A7: 2020 | B7: 60385.6 | J7: TATAMOTORS | K7: 8840.9 | L7: 60122.45 | M7: 38227.6 | N7: 4284.55 | O7: 111475.5 | R7: ITC | S7: Yes
A8: Grand Total | B8: 417151.79 | J8: HDFC | K8: 12931.75 | L8: 17357.2 | M8: 30169.8 | N8: 25539.5 | O8: 85998.25 | R8: HEROMOTOCO | S8: Yes
J9: BPCL | K9: 9997.1 | L9: 15928.6 | M9: 31602.05 | N9: 9999.6 | O9: 67527.35 | R9: TECHM | S9: Yes
J10: RELIANCE | K10: 17597.05 | L10: 27345.05 | M10: -2460.3 | N10: 22488.35 | O10: 64970.15 | R10: SBIN | S10: Yes
J11: ADANIPORTS | K11: 8256.05 | L11: 20632.95 | M11: 28546.15 | N11: -11309.25 | O11: 46125.9 | R11: ONGC | S11: Yes
J12: ITC | K12: 23678.7 | L12: -1131.45 | M12: 19554.05 | N12: 3795.25 | O12: 45896.55 | R12: TCS | S12: Yes
J13: HEROMOTOCO | K13: 8179.35 | L13: 11668 | M13: 18169 | N13: -2105.8 | O13: 35910.55 | R13: MARUTI | S13: Yes
J14: TECHM | K14: -1736.35 | L14: 20945.4 | M14: 19058.35 | N14: -8076.55 | O14: 30190.85 | R14: ASIANPAINT | S14: Yes
J15: SBIN | K15: -18398.4 | L15: 17761.8 | M15: 22994.75 | N15: 2663.1 | O15: 25021.25 | R15: UPL | S15: Yes
J16: ONGC | K16: 8416.6 | L16: 17237.9 | M16: -4485.85 | N16: 2324.5 | O16: 23493.15 | R16: DRREDDY | S16: Yes
J17: TCS | K17: -35141.5 | L17: 12871.55 | M17: 40299.7 | N17: 4635.5 | O17: 22665.25 | R17: SUNPHARMA | S17: Yes
J18: MARUTI | K18: 16290.25 | L18: 6689.1 | M18: 7039.2 | N18: -9452.7 | O18: 20565.85 | R18: GRASIM | S18: Yes
J19: ASIANPAINT | K19: -9294.35 | L19: 18244.7 | M19: -2684.05 | N19: 9916.7 | O19: 16183
J20: UPL | K20: 21600 | L20: -6655.9 | M20: -7037.55 | N20: 6649.25 | O20: 14555.8
J21: Grand Total | K21: 95233.95 | L21: 285114.95 | M21: 319824.6 | N21: 89696.55 | O21: 789870.05

Sheet Dashboard1
A3: '+ve vs -ve trades | B3: . | F3: '+ve vs -ve trades | G3: . | K3: Years | L3: Sum of Gains_Formula | M3: Average of PerTradeRisk
A4: Years | B4: No | C4: Yes | D4: Grand Total | F4: Years | G4: No | H4: Yes | I4: Grand Total | K4: 2017 | L4: 100320.9 | M4: 2000
A5: 2017 | B5: 247 | C5: 188 | D5: 435 | F5: 2017 | G5: 0.56781609 | H5: 0.43218391 | I5: 1 | K5: Jan | L5: -5658 | M5: 2000
A6: 2018 | B6: 238 | C6: 206 | D6: 444 | F6: 2018 | G6: 0.53603604 | H6: 0.46396396 | I6: 1 | K6: Feb | L6: -8663.7 | M6: 2000
A7: 2019 | B7: 214 | C7: 189 | D7: 403 | F7: 2019 | G7: 0.53101737 | H7: 0.46898263 | I7: 1 | K7: Mar | L7: -9543.5 | M7: 2000
A8: 2020 | B8: 154 | C8: 118 | D8: 272 | F8: 2020 | G8: 0.56617647 | H8: 0.43382353 | I8: 1 | K8: Apr | L8: 1433.85 | M8: 2000
A9: Grand Total | B9: 853 | C9: 701 | D9: 1554 | F9: Grand Total | G9: 0.54890605 | H9: 0.45109395 | I9: 1 | K9: May | L9: 31449.55 | M9: 2000
K10: Jun | L10: -76.85 | M10: 2000
K11: Jul | L11: -9106.45 | M11: 2000
K12: Aug | L12: 16961.5 | M12: 2000
K13: Sep | L13: -3357.65 | M13: 2000
K14: Oct | L14: -1841.6 | M14: 2000
K15: Nov | L15: 16426.05 | M15: 2000
K16: Dec | L16: 72297.7 | M16: 2000
K17: 2018 | L17: 592858.6 | M17: 5353.6036
K18: Jan | L18: 80277.95 | M18: 3000
K19: Feb | L19: 42893.4 | M19: 3000
K20: Mar | L20: 77595.55 | M20: 4000
K21: Apr | L21: 34073.75 | M21: 5000
... K51: Grand Total | L51: 6313557.1 | M51: 14559.846

Sheet InterestedStocks
A1: Ticker | B1: Date | C1: Time | D1: OrderType | E1: Entry | F1: StopLoss | G1: Exit | H1: Exit_Time | I1: Net SL | J1: Net Points | K1: Qty | L1: Gain | M1: Expense | N1: Net Gains | O1: Positive? | P1: SL% | Q1: Transactionvalue | R1: PerTradeRisk | S1: QTY_Formula | T1: Exp_Formula | U1: Gains_Formula | V1: 200000
A2: TATAMOTORS | B2: 42738 | C2: 0.41666667 | D2: Short | E2: 487.55 | F2: 491.5 | G2: 480 | H2: 0.625 | I2: 3.95 | J2: 7.55 | K2: 503 | L2: 3797.65 | M2: 112 | N2: 3685.65 | O2: Yes | P2: 0.0081017332 | Q2: =S2*E2 -> 246700.3 | R2: 2000 | S2: =ROUNDDOWN(R2/I2,0) -> 506 | T2: =ROUNDUP(((E2*S2)+(G2*S2))*0.025/100,0) -> 123 | U2: =(S2*J2)-T2 -> 3697.3 | V2: =V1+U2 -> 203697.3
A3: UPL | B3: 42738 | C3: 0.41666667 | D3: Short | E3: 656.65 | F3: 660.05 | G3: 660.05 | H3: 0.45833333 | I3: 3.4 | J3: -3.4 | K3: 584 | L3: -1985.6 | M3: 177 | N3: -2162.6 | O3: No | P3: 0.0051777964 | Q3: =S3*E3 -> 386110.2 | R3: =IF(MONTH(B2)<>MONTH(B3),IF((INT(V2/100000)*1000)<R2,R2,INT(V2/100000)*1000),R2) -> 2000 | S3: =ROUNDDOWN(R3/I3,0) -> 588 | T3: =ROUNDUP(((E3*S3)+(G3*S3))*0.025/100,0) -> 194 | U3: =(S3*J3)-T3 -> -2193.2 | V3: =V2+U3 -> 201504.1
A4: EICHERMOT | B4: 42739 | C4: 0.44791667 | D4: Short | E4: 22420 | F4: 22524.4 | G4: 22198 | H4: 0.625 | I4: 104.4 | J4: 222 | K4: 19 | L4: 4218 | M4: 195 | N4: 4023 | O4: Yes | P4: 0.0046565566 | Q4: =S4*E4 -> 425980 | R4: =IF(MONTH(B3)<>MONTH(B4),IF((INT(V3/100000)*1000)<R3,R3,INT(V3/100000)*1000),R3) -> 2000 | S4: =ROUNDDOWN(R4/I4,0) -> 19 | T4: =ROUNDUP(((E4*S4)+(G4*S4))*0.025/100,0) -> 212 | U4: =(S4*J4)-T4 -> 4006 | V4: =V3+U4 -> 205510.1
A5: UPL | B5: 42739 | C5: 0.48958333 | D5: Long | E5: 667.8 | F5: 661.1 | G5: 661.1 | H5: 0.48958333 | I5: 6.7 | J5: -6.7 | K5: 297 | L5: -1989.9 | M5: 91 | N5: -2080.9 | O5: No | P5: 0.010032944 | Q5: =S5*E5 -> 199004.4 | R5: =IF(MONTH(B4)<>MONTH(B5),IF((INT(V4/100000)*1000)<R4,R4,INT(V4/100000)*1000),R4) -> 2000 | S5: =ROUNDDOWN(R5/I5,0) -> 298 | T5: =ROUNDUP(((E5*S5)+(G5*S5))*0.025/100,0) -> 100 | U5: =(S5*J5)-T5 -> -2096.6 | V5: =V4+U5 -> 203413.5
A6: RELIANCE | B6: 42740 | C6: 0.42708333 | D6: Long | E6: 1078.3 | F6: 1075.65 | G6: 1075.65 | H6: 0.42708333 | I6: 2.65 | J6: -2.65 | K6: 748 | L6: -1982.2 | M6: 371 | N6: -2353.2 | O6: No | P6: 0.0024575721 | Q6: =S6*E6 -> 813038.2 | R6: =IF(MONTH(B5)<>MONTH(B6),IF((INT(V5/100000)*1000)<R5,R5,INT(V5/100000)*1000),R5) -> 2000 | S6: =ROUNDDOWN(R6/I6,0) -> 754 | T6: =ROUNDUP(((E6*S6)+(G6*S6))*0.025/100,0) -> 407 | U6: =(S6*J6)-T6 -> -2405.1 | V6: =V5+U6 -> 201008.4
A7: TECHM | B7: 42741 | C7: 0.41666667 | D7: Short | E7: 474.2 | F7: 484.8 | G7: 470 | H7: 0.625 | I7: 10.6 | J7: 4.2 | K7: 188 | L7: 789.6 | M7: 41 | N7: 748.6 | O7: Yes | P7: 0.022353437 | Q7: =S7*E7 -> 89149.6 | R7: =IF(MONTH(B6)<>MONTH(B7),IF((INT(V6/100000)*1000)<R6,R6,INT(V6/100000)*1000),R6) -> 2000 | S7: =ROUNDDOWN(R7/I7,0) -> 188 | T7: =ROUNDUP(((E7*S7)+(G7*S7))*0.025/100,0) -> 45 | U7: =(S7*J7)-T7 -> 744.6 | V7: =V6+U7 -> 201753
A8: UPL | B8: 42741 | C8: 0.5625 | D8: Short | E8: 668.1 | F8: 671.95 | G8: 658.5 | H8: 0.625 | I8: 3.85 | J8: 9.6 | K8: 516 | L8: 4953.6 | M8: 158 | N8: 4795.6 | O8: Yes | P8: 0.0057626104 | Q8: =S8*E8 -> 346743.9 | R8: =IF(MONTH(B7)<>MONTH(B8),IF((INT(V7/100000)*1000)<R7,R7,INT(V7/100000)*1000),R7) -> 2000 | S8: =ROUNDDOWN(R8/I8,0) -> 519 | T8: =ROUNDUP(((E8*S8)+(G8*S8))*0.025/100,0) -> 173 | U8: =(S8*J8)-T8 -> 4809.4 | V8: =V7+U8 -> 206562.4
A9: ADANIPORTS | B9: 42745 | C9: 0.55208333 | D9: Long | E9: 289.95 | F9: 286.95 | G9: 293.9 | H9: 0.625 | I9: 3 | J9: 3.95 | K9: 661 | L9: 2610.95 | M9: 89 | N9: 2521.95 | O9: Yes | P9: 0.010346611 | Q9: =S9*E9 -> 193106.7 | R9: =IF(MONTH(B8)<>MONTH(B9),IF((INT(V8/100000)*1000)<R8,R8,INT(V8/100000)*1000),R8) -> 2000 | S9: =ROUNDDOWN(R9/I9,0) -> 666 | T9: =ROUNDUP(((E9*S9)+(G9*S9))*0.025/100,0) -> 98 | U9: =(S9*J9)-T9 -> 2532.7 | V9: =V8+U9 -> 209095.1
A10: HEROMOTOCO | B10: 42745 | C10: 0.42708333 | D10: Short | E10: 3039 | F10: 3045.85 | G10: 3045.85 | H10: 0.59375 | I10: 6.85 | J10: -6.85 | K10: 290 | L10: -1986.5 | M10: 406 | N10: -2392.5 | O10: No | P10: 0.0022540309 | Q10: =S10*E10 -> 884349 | R10: =IF(MONTH(B9)<>MONTH(B10),IF((INT(V9/100000)*1000)<R9,R9,INT(V9/100000)*1000),R9) -> 2000 | S10: =ROUNDDOWN(R10/I10,0) -> 291 | T10: =ROUNDUP(((E10*S10)+(G10*S10))*0.025/100,0) -> 443 | U10: =(S10*J10)-T10 -> -2436.35 | V10: =V9+U10 -> 206658.75
A11: TATAMOTORS | B11: 42745 | C11: 0.42708333 | D11: Long | E11: 510.65 | F11: 508.6 | G11: 515.75 | H11: 0.625 | I11: 2.05 | J11: 5.1 | K11: 964 | L11: 4916.4 | M11: 228 | N11: 4688.4 | O11: Yes | P11: 0.0040144913 | Q11: =S11*E11 -> 497883.75 | R11: =IF(MONTH(B10)<>MONTH(B11),IF((INT(V10/100000)*1000)<R10,R10,INT(V10/100000)*1000),R10) -> 2000 | S11: =ROUNDDOWN(R11/I11,0) -> 975 | T11: =ROUNDUP(((E11*S11)+(G11*S11))*0.025/100,0) -> 251 | U11: =(S11*J11)-T11 -> 4721.5 | V11: =V10+U11 -> 211380.25
A12: UPL | B12: 42745 | C12: 0.41666667 | D12: Short | E12: 667.05 | F12: 673.95 | G12: 662.5 | H12: 0.625 | I12: 6.9 | J12: 4.55 | K12: 288 | L12: 1310.4 | M12: 89 | N12: 1221.4 | O12: Yes | P12: 0.010344052 | Q12: =S12*E12 -> 192777.45 | R12: =IF(MONTH(B11)<>MONTH(B12),IF((INT(V11/100000)*1000)<R11,R11,INT(V11/100000)*1000),R11) -> 2000 | S12: =ROUNDDOWN(R12/I12,0) -> 289 | T12: =ROUNDUP(((E12*S12)+(G12*S12))*0.025/100,0) -> 97 | U12: =(S12*J12)-T12 -> 1217.95 | V12: =V11+U12 -> 212598.2
A13: DRREDDY | B13: 42746 | C13: 0.41666667 | D13: Short | E13: 3041.5 | F13: 3052 | G13: 3052 | H13: 0.44791667 | I13: 10.5 | J13: -10.5 | K13: 190 | L13: -1995 | M13: 267 | N13: -2262 | O13: No | P13: 0.003452244 | Q13: =S13*E13 -> 577885 | R13: =IF(MONTH(B12)<>MONTH(B13),IF((INT(V12/100000)*1000)<R12,R12,INT(V12/100000)*1000),R12) -> 2000 | S13: =ROUNDDOWN(R13/I13,0) -> 190 | T13: =ROUNDUP(((E13*S13)+(G13*S13))*0.025/100,0) -> 290 | U13: =(S13*J13)-T13 -> -2285 | V13: =V12+U13 -> 210313.2
A14: HDFC | B14: 42746 | C14: 0.45833333 | D14: Long | E14: 1227.95 | F14: 1222.05 | G14: 1222.05 | H14: 0.45833333 | I14: 5.9 | J14: -5.9 | K14: 337 | L14: -1988.3 | M14: 190 | N14: -2178.3 | O14: No | P14: 0.0048047559 | Q14: =S14*E14 -> 415047.1 | R14: =IF(MONTH(B13)<>MONTH(B14),IF((INT(V13/100000)*1000)<R13,R13,INT(V13/100000)*1000),R13) -> 2000 | S14: =ROUNDDOWN(R14/I14,0) -> 338 | T14: =ROUNDUP(((E14*S14)+(G14*S14))*0.025/100,0) -> 208 | U14: =(S14*J14)-T14 -> -2202.2 | V14: =V13+U14 -> 208111
... A1555: ADANIPORTS | B1555: 44043 | C1555: 0.41666667 | D1555: Short | E1555: 313.7 | F1555: 317.25 | G1555: 317.25 | H1555: 0.51041667 | I1555: 3.55 | J1555: -3.55 | K1555: 559 | L1555: -1984.45 | M1555: 82 | N1555: -2066.45 | O1555: No | P1555: 0.011316544 | Q1555: =S1555*E1555 -> 5213380.3 | R1555: =IF(MONTH(B1554)<>MONTH(B1555),IF((INT(V1554/100000)*1000)<R1554,R1554,INT(V1554/100000)*1000),R1554) -> 59000 | S1555: =ROUNDDOWN(R1555/I1555,0) -> 16619 | T1555: =ROUNDUP(((E1555*S1555)+(G1555*S1555))*0.025/100,0) -> 2622 | U1555: =(S1555*J1555)-T1555 -> -61619.45 | V1555: =V1554+U1555 -> 6513557.1

Sheet Dashboard
A1: Date | B1: Year | C1: Week | D1: Positive | E1: Negative | F1: Total | G1: Netgains | H1: 200000 | J1: Row Labels | K1: Sum of Gains_Formula | Y1: +ve Trade | Z1: -ve Trade | AA1: +ve day | AB1: -ve Day
A2: 42738 | B2: =TEXT(A2,"yyyy") -> 2017 | C2: =WEEKNUM(A2) -> 1 | D2: =COUNTIFS(InterestedStocks!O:O,"Yes",InterestedStocks!B:B,A2) -> 1 | E2: =COUNTIFS(InterestedStocks!O:O,"No",InterestedStocks!B:B,A2) -> 1 | F2: =D2+E2 -> 2 | G2: =SUMIF(InterestedStocks!B:B,A2,InterestedStocks!U:U) -> 1504.1 | H2: =H1+G2 -> 201504.1 | J2: 2017 | K2: 100320.9 | Y2: =SUM(Table2[Positive]) -> 701 | Z2: =SUM(Table2[Negative]) -> 853 | AA2: =COUNTIF(Table2[Netgains],">0") -> 330 | AB2: =COUNTIF(Table2[Netgains],"<0") -> 387
A3: 42739 | B3: =TEXT(A3,"yyyy") -> 2017 | C3: =WEEKNUM(A3) -> 1 | D3: =COUNTIFS(InterestedStocks!O:O,"Yes",InterestedStocks!B:B,A3) -> 1 | E3: =COUNTIFS(InterestedStocks!O:O,"No",InterestedStocks!B:B,A3) -> 1 | F3: =D3+E3 -> 2 | G3: =SUMIF(InterestedStocks!B:B,A3,InterestedStocks!U:U) -> 1909.4 | H3: =H2+G3 -> 203413.5 | J3: Jan | K3: -5658
A4: 42740 | B4: =TEXT(A4,"yyyy") -> 2017 | C4: =WEEKNUM(A4) -> 1 | D4: =COUNTIFS(InterestedStocks!O:O,"Yes",InterestedStocks!B:B,A4) -> 0 | E4: =COUNTIFS(InterestedStocks!O:O,"No",InterestedStocks!B:B,A4) -> 1 | F4: =D4+E4 -> 1 | G4: =SUMIF(InterestedStocks!B:B,A4,InterestedStocks!U:U) -> -2405.1 | H4: =H3+G4 -> 201008.4 | J4: Feb | K4: -8663.7
A5: 42741 | B5: =TEXT(A5,"yyyy") -> 2017 | C5: =WEEKNUM(A5) -> 1 | D5: =COUNTIFS(InterestedStocks!O:O,"Yes",InterestedStocks!B:B,A5) -> 2 | E5: =COUNTIFS(InterestedStocks!O:O,"No",InterestedStocks!B:B,A5) -> 0 | F5: =D5+E5 -> 2 | G5: =SUMIF(InterestedStocks!B:B,A5,InterestedStocks!U:U) -> 5554 | H5: =H4+G5 -> 206562.4 | J5: Mar | K5: -9543.5
A6: 42745 | B6: =TEXT(A6,"yyyy") -> 2017 | C6: =WEEKNUM(A6) -> 2 | D6: =COUNTIFS(InterestedStocks!O:O,"Yes",InterestedStocks!B:B,A6) -> 3 | E6: =COUNTIFS(InterestedStocks!O:O,"No",InterestedStocks!B:B,A6) -> 1 | F6: =D6+E6 -> 4 | G6: =SUMIF(InterestedStocks!B:B,A6,InterestedStocks!U:U) -> 6035.8 | H6: =H5+G6 -> 212598.2 | J6: Apr | K6: 1433.85
A7: 42746 | B7: =TEXT(A7,"yyyy") -> 2017 | C7: =WEEKNUM(A7) -> 2 | D7: =COUNTIFS(InterestedStocks!O:O,"Yes",InterestedStocks!B:B,A7) -> 0 | E7: =COUNTIFS(InterestedStocks!O:O,"No",InterestedStocks!B:B,A7) -> 3 | F7: =D7+E7 -> 3 | G7: =SUMIF(InterestedStocks!B:B,A7,InterestedStocks!U:U) -> -6632.7 | H7: =H6+G7 -> 205965.5 | J7: May | K7: 31449.55
A8: 42747 | B8: =TEXT(A8,"yyyy") -> 2017 | C8: =WEEKNUM(A8) -> 2 | D8: =COUNTIFS(InterestedStocks!O:O,"Yes",InterestedStocks!B:B,A8) -> 0 | E8: =COUNTIFS(InterestedStocks!O:O,"No",InterestedStocks!B:B,A8) -> 1 | F8: =D8+E8 -> 1 | G8: =SUMIF(InterestedStocks!B:B,A8,InterestedStocks!U:U) -> -2165.7 | H8: =H7+G8 -> 203799.8 | J8: Jun | K8: -76.85
A9: 42748 | B9: =TEXT(A9,"yyyy") -> 2017 | C9: =WEEKNUM(A9) -> 2 | D9: =COUNTIFS(InterestedStocks!O:O,"Yes",InterestedStocks!B:B,A9) -> 2 | E9: =COUNTIFS(InterestedStocks!O:O,"No",InterestedStocks!B:B,A9) -> 2 | F9: =D9+E9 -> 4 | G9: =SUMIF(InterestedStocks!B:B,A9,InterestedStocks!U:U) -> -1696.3 | H9: =H8+G9 -> 202103.5 | J9: Jul | K9: -9106.45
A10: 42752 | B10: =TEXT(A10,"yyyy") -> 2017 | C10: =WEEKNUM(A10) -> 3 | D10: =COUNTIFS(InterestedStocks!O:O,"Yes",InterestedStocks!B:B,A10) -> 2 | E10: =COUNTIFS(InterestedStocks!O:O,"No",InterestedStocks!B:B,A10) -> 2 | F10: =D10+E10 -> 4 | G10: =SUMIF(InterestedStocks!B:B,A10,InterestedStocks!U:U) -> -828.2 | H10: =H9+G10 -> 201275.3 | J10: Aug | K10: 16961.5
A11: 42753 | B11: =TEXT(A11,"yyyy") -> 2017 | C11: =WEEKNUM(A11) -> 3 | D11: =COUNTIFS(InterestedStocks!O:O,"Yes",InterestedStocks!B:B,A11) -> 0 | E11: =COUNTIFS(InterestedStocks!O:O,"No",InterestedStocks!B:B,A11) -> 2 | F11: =D11+E11 -> 2 | G11: =SUMIF(InterestedStocks!B:B,A11,InterestedStocks!U:U) -> -4204.5 | H11: =H10+G11 -> 197070.8 | J11: Sep | K11: -3357.65
A12: 42755 | B12: =TEXT(A12,"yyyy") -> 2017 | C12: =WEEKNUM(A12) -> 3 | D12: =COUNTIFS(InterestedStocks!O:O,"Yes",InterestedStocks!B:B,A12) -> 1 | E12: =COUNTIFS(InterestedStocks!O:O,"No",InterestedStocks!B:B,A12) -> 1 | F12: =D12+E12 -> 2 | G12: =SUMIF(InterestedStocks!B:B,A12,InterestedStocks!U:U) -> 1177.5 | H12: =H11+G12 -> 198248.3 | J12: Oct | K12: -1841.6
A13: 42760 | B13: =TEXT(A13,"yyyy") -> 2017 | C13: =WEEKNUM(A13) -> 4 | D13: =COUNTIFS(InterestedStocks!O:O,"Yes",InterestedStocks!B:B,A13) -> 1 | E13: =COUNTIFS(InterestedStocks!O:O,"No",InterestedStocks!B:B,A13) -> 2 | F13: =D13+E13 -> 3 | G13: =SUMIF(InterestedStocks!B:B,A13,InterestedStocks!U:U) -> -1112.25 | H13: =H12+G13 -> 197136.05 | J13: Nov | K13: 16426.05
A14: 42762 | B14: =TEXT(A14,"yyyy") -> 2017 | C14: =WEEKNUM(A14) -> 4 | D14: =COUNTIFS(InterestedStocks!O:O,"Yes",InterestedStocks!B:B,A14) -> 0 | E14: =COUNTIFS(InterestedStocks!O:O,"No",InterestedStocks!B:B,A14) -> 2 | F14: =D14+E14 -> 2 | G14: =SUMIF(InterestedStocks!B:B,A14,InterestedStocks!U:U) -> -2470.8 | H14: =H13+G14 -> 194665.25 | J14: Dec | K14: 72297.7
... A49: 42828 | B49: =TEXT(A49,"yyyy") -> 2017 | C49: =WEEKNUM(A49) -> 14 | D49: =COUNTIFS(InterestedStocks!O:O,"Yes",InterestedStocks!B:B,A49) -> 0 | E49: =COUNTIFS(InterestedStocks!O:O,"No",InterestedStocks!B:B,A49) -> 2 | F49: =D49+E49 -> 2 | G49: =SUMIF(InterestedStocks!B:B,A49,InterestedStocks!U:U) -> -4590.95 | H49: =H48+G49 -> 171543.85 | J49: Grand Total | K49: 6313557.1
A50: 42830 | B50: =TEXT(A50,"yyyy") -> 2017 | C50: =WEEKNUM(A50) -> 14 | D50: =COUNTIFS(InterestedStocks!O:O,"Yes",InterestedStocks!B:B,A50) -> 0 | E50: =COUNTIFS(InterestedStocks!O:O,"No",InterestedStocks!B:B,A50) -> 1 | F50: =D50+E50 -> 1 | G50: =SUMIF(InterestedStocks!B:B,A50,InterestedStocks!U:U) -> -2429.2 | H50: =H49+G50 -> 169114.65
A51: 42831 | B51: =TEXT(A51,"yyyy") -> 2017 | C51: =WEEKNUM(A51) -> 14 | D51: =COUNTIFS(InterestedStocks!O:O,"Yes",InterestedStocks!B:B,A51) -> 0 | E51: =COUNTIFS(InterestedStocks!O:O,"No",InterestedStocks!B:B,A51) -> 1 | F51: =D51+E51 -> 1 | G51: =SUMIF(InterestedStocks!B:B,A51,InterestedStocks!U:U) -> -2326.2 | H51: =H50+G51 -> 166788.45
A52: 42835 | B52: =TEXT(A52,"yyyy") -> 2017 | C52: =WEEKNUM(A52) -> 15 | D52: =COUNTIFS(InterestedStocks!O:O,"Yes",InterestedStocks!B:B,A52) -> 0 | E52: =COUNTIFS(InterestedStocks!O:O,"No",InterestedStocks!B:B,A52) -> 1 | F52: =D52+E52 -> 1 | G52: =SUMIF(InterestedStocks!B:B,A52,InterestedStocks!U:U) -> -2296.5 | H52: =H51+G52 -> 164491.95
A53: 42836 | B53: =TEXT(A53,"yyyy") -> 2017 | C53: =WEEKNUM(A53) -> 15 | D53: =COUNTIFS(InterestedStocks!O:O,"Yes",InterestedStocks!B:B,A53) -> 3 | E53: =COUNTIFS(InterestedStocks!O:O,"No",InterestedStocks!B:B,A53) -> 2 | F53: =D53+E53 -> 5 | G53: =SUMIF(InterestedStocks!B:B,A53,InterestedStocks!U:U) -> 25231.5 | H53: =H52+G53 -> 189723.45
A54: 42838 | B54: =TEXT(A54,"yyyy") -> 2017 | C54: =WEEKNUM(A54) -> 15 | D54: =COUNTIFS(InterestedStocks!O:O,"Yes",InterestedStocks!B:B,A54) -> 0 | E54: =COUNTIFS(InterestedStocks!O:O,"No",InterestedStocks!B:B,A54) -> 1 | F54: =D54+E54 -> 1 | G54: =SUMIF(InterestedStocks!B:B,A54,InterestedStocks!U:U) -> -2243.2 | H54: =H53+G54 -> 187480.25
A55: 42842 | B55: =TEXT(A55,"yyyy") -> 2017 | C55: =WEEKNUM(A55) -> 16 | D55: =COUNTIFS(InterestedStocks!O:O,"Yes",InterestedStocks!B:B,A55) -> 0 | E55: =COUNTIFS(InterestedStocks!O:O,"No",InterestedStocks!B:B,A55) -> 2 | F55: =D55+E55 -> 2 | G55: =SUMIF(InterestedStocks!B:B,A55,InterestedStocks!U:U) -> -4376.95 | H55: =H54+G55 -> 183103.3
A56: 42846 | B56: =TEXT(A56,"yyyy") -> 2017 | C56: =WEEKNUM(A56) -> 16 | D56: =COUNTIFS(InterestedStocks!O:O,"Yes",InterestedStocks!B:B,A56) -> 1 | E56: =COUNTIFS(InterestedStocks!O:O,"No",InterestedStocks!B:B,A56) -> 1 | F56: =D56+E56 -> 2 | G56: =SUMIF(InterestedStocks!B:B,A56,InterestedStocks!U:U) -> -1738.7 | H56: =H55+G56 -> 181364.6
A57: 42849 | B57: =TEXT(A57,"yyyy") -> 2017 | C57: =WEEKNUM(A57) -> 17 | D57: =COUNTIFS(InterestedStocks!O:O,"Yes",InterestedStocks!B:B,A57) -> 1 | E57: =COUNTIFS(InterestedStocks!O:O,"No",InterestedStocks!B:B,A57) -> 1 | F57: =D57+E57 -> 2 | G57: =SUMIF(InterestedStocks!B:B,A57,InterestedStocks!U:U) -> 31.5 | H57: =H56+G57 -> 181396.1
A58: 42850 | B58: =TEXT(A58,"yyyy") -> 2017 | C58: =WEEKNUM(A58) -> 17 | D58: =COUNTIFS(InterestedStocks!O:O,"Yes",InterestedStocks!B:B,A58) -> 0 | E58: =COUNTIFS(InterestedStocks!O:O,"No",InterestedStocks!B:B,A58) -> 2 | F58: =D58+E58 -> 2 | G58: =SUMIF(InterestedStocks!B:B,A58,InterestedStocks!U:U) -> -2636.4 | H58: =H57+G58 -> 178759.7
A59: 42851 | B59: =TEXT(A59,"yyyy") -> 2017 | C59: =WEEKNUM(A59) -> 17 | D59: =COUNTIFS(InterestedStocks!O:O,"Yes",InterestedStocks!B:B,A59) -> 2 | E59: =COUNTIFS(InterestedStocks!O:O,"No",InterestedStocks!B:B,A59) -> 1 | F59: =D59+E59 -> 3 | G59: =SUMIF(InterestedStocks!B:B,A59,InterestedStocks!U:U) -> 1827 | H59: =H58+G59 -> 180586.7
A60: 42852 | B60: =TEXT(A60,"yyyy") -> 2017 | C60: =WEEKNUM(A60) -> 17 | D60: =COUNTIFS(InterestedStocks!O:O,"Yes",InterestedStocks!B:B,A60) -> 0 | E60: =COUNTIFS(InterestedStocks!O:O,"No",InterestedStocks!B:B,A60) -> 2 | F60: =D60+E60 -> 2 | G60: =SUMIF(InterestedStocks!B:B,A60,InterestedStocks!U:U) -> -4298.65 | H60: =H59+G60 -> 176288.05
A61: 42853 | B61: =TEXT(A61,"yyyy") -> 2017 | C61: =WEEKNUM(A61) -> 17 | D61: =COUNTIFS(InterestedStocks!O:O,"Yes",InterestedStocks!B:B,A61) -> 1 | E61: =COUNTIFS(InterestedStocks!O:O,"No",InterestedStocks!B:B,A61) -> 1 | F61: =D61+E61 -> 2 | G61: =SUMIF(InterestedStocks!B:B,A61,InterestedStocks!U:U) -> 1280.6 | H61: =H60+G61 -> 177568.65
... A718: 44043 | B718: =TEXT(A718,"yyyy") -> 2020 | C718: =WEEKNUM(A718) -> 31 | D718: =COUNTIFS(InterestedStocks!O:O,"Yes",InterestedStocks!B:B,A718) -> 0 | E718: =COUNTIFS(InterestedStocks!O:O,"No",InterestedStocks!B:B,A718) -> 1 | F718: =D718+E718 -> 1 | G718: =SUMIF(InterestedStocks!B:B,A718,InterestedStocks!U:U) -> -61619.45 | H718: =H717+G718 -> 6513557.1
